과목,과목.1,과목.2,과목.3,합계금액,지역명
장,관,항,목,0.0,부산
이전수입,이전수입,이전수입,이전수입,6802834230.0,부산
,중앙정부이전수입,중앙정부이전수입,중앙정부이전수입,0.0,부산
,,국고보조금,국고보조금,0.0,부산
,,,국고보조금,0.0,부산
,지방자치단체이전수입,지방자치단체이전수입,지방자치단체이전수입,143412790.0,부산
,,비법정이전수입,비법정이전수입,0.0,부산
,,,광역지방자치단체전입금,0.0,부산
,,,기초지방자치단체전입금,0.0,부산
,,교육경비보조금,교육경비보조금,143412790.0,부산
,,,광역지방자치단체전입금,4165000.0,부산
,,,기초지방자치단체전입금,139247790.0,부산
,지방교육행정기관이전수입,지방교육행정기관이전수입,지방교육행정기관이전수입,6643946310.0,부산
,,교육비특별회계전입금수입,교육비특별회계전입금수입,6643946310.0,부산
,,,교육비특별회계전입금,6643946310.0,부산
,,기금회계전입금수입,기금회계전입금수입,0.0,부산
,,,기금회계전입금,0.0,부산
,기타이전수입,기타이전수입,기타이전수입,15475130.0,부산
,,학교회계간이전수입,학교회계간이전수입,8000000.0,부산
,,,학교발전기금전입금,8000000.0,부산
,,,다른학교회계전입금,0.0,부산
,,,기타학교회계전입금,0.0,부산
,,기타공공이전수입,기타공공이전수입,7475130.0,부산
,,,기타공공지원금,7475130.0,부산
자체수입,자체수입,자체수입,자체수입,920306574.0,부산
,학부모부담수입,학부모부담수입,학부모부담수입,893082040.0,부산
,,등록금,등록금,0.0,부산
,,,학교운영지원비,0.0,부산
,,수익자부담수입,수익자부담수입,893082040.0,부산
,,,급식비,138653040.0,부산
,,,방과후학교활동비,532747670.0,부산
,,,현장체험학습비,50283480.0,부산
,,,청소년단체활동비,4922900.0,부산
,,,졸업앨범비,36940140.0,부산
,,,교과서비,0.0,부산
,,,기숙사비,0.0,부산
,,,기타수익자부담수입,2920800.0,부산
,,,누리과정비,0.0,부산
,,,교복구입비,0.0,부산
,,,운동부운영비,87187940.0,부산
,,,돌봄활동운영비,39426070.0,부산
,행정활동수입,행정활동수입,행정활동수입,27224534.0,부산
,,사용료및수수료,사용료및수수료,6129990.0,부산
,,,사용료및수수료,6129990.0,부산
,,자산수입,자산수입,3969500.0,부산
,,,자산매각대,3969500.0,부산
,,적립금처분수입,적립금처분수입,0.0,부산
,,,적립금처분수입,0.0,부산
,,보증금회수,보증금회수,0.0,부산
,,,보증금회수,0.0,부산
,,기타행정활동수입,기타행정활동수입,17125044.0,부산
,,,지난년도수입,0.0,부산
,,,이자수입,7622674.0,부산
,,,기타행정활동수입,9502370.0,부산
기타수입,기타수입,기타수입,기타수입,19111880.0,부산
,전년도이월금,전년도이월금,전년도이월금,19111880.0,부산
,,순세계잉여금,순세계잉여금,19111880.0,부산
,,,순세계잉여금,19111880.0,부산
,,정산대상재원사용잔액,정산대상재원사용잔액,0.0,부산
,,,정산대상재원사용잔액,0.0,부산
,,이월금,이월금,0.0,부산
,,,이월사업비,0.0,부산
세입합계,세입합계,세입합계,세입합계,7742252684.0,부산
장,관,항,목,0.0,대구
이전수입,이전수입,이전수입,이전수입,1270856460.0,대구
,중앙정부이전수입,중앙정부이전수입,중앙정부이전수입,0.0,대구
,,국고보조금,국고보조금,0.0,대구
,,,국고보조금,0.0,대구
,지방자치단체이전수입,지방자치단체이전수입,지방자치단체이전수입,25309000.0,대구
,,비법정이전수입,비법정이전수입,12148000.0,대구
,,,광역지방자치단체전입금,0.0,대구
,,,기초지방자치단체전입금,12148000.0,대구
,,교육경비보조금,교육경비보조금,13161000.0,대구
,,,광역지방자치단체전입금,0.0,대구
,,,기초지방자치단체전입금,13161000.0,대구
,지방교육행정기관이전수입,지방교육행정기관이전수입,지방교육행정기관이전수입,1245547460.0,대구
,,교육비특별회계전입금수입,교육비특별회계전입금수입,1245547460.0,대구
,,,교육비특별회계전입금,1245547460.0,대구
,,기금회계전입금수입,기금회계전입금수입,0.0,대구
,,,기금회계전입금,0.0,대구
,기타이전수입,기타이전수입,기타이전수입,0.0,대구
,,학교회계간이전수입,학교회계간이전수입,0.0,대구
,,,학교발전기금전입금,0.0,대구
,,,다른학교회계전입금,0.0,대구
,,,기타학교회계전입금,0.0,대구
,,기타공공이전수입,기타공공이전수입,0.0,대구
,,,기타공공지원금,0.0,대구
자체수입,자체수입,자체수입,자체수입,190937732.0,대구
,학부모부담수입,학부모부담수입,학부모부담수입,177660270.0,대구
,,등록금,등록금,0.0,대구
,,,학교운영지원비,0.0,대구
,,수익자부담수입,수익자부담수입,177660270.0,대구
,,,급식비,25395000.0,대구
,,,방과후학교활동비,124790200.0,대구
,,,현장체험학습비,3840830.0,대구
,,,청소년단체활동비,1877000.0,대구
,,,졸업앨범비,3720000.0,대구
,,,교과서비,0.0,대구
,,,기숙사비,0.0,대구
,,,기타수익자부담수입,0.0,대구
,,,누리과정비,4750240.0,대구
,,,교복구입비,0.0,대구
,,,운동부운영비,0.0,대구
,,,돌봄활동운영비,13287000.0,대구
,행정활동수입,행정활동수입,행정활동수입,13277462.0,대구
,,사용료및수수료,사용료및수수료,200000.0,대구
,,,사용료및수수료,200000.0,대구
,,자산수입,자산수입,0.0,대구
,,,자산매각대,0.0,대구
,,적립금처분수입,적립금처분수입,0.0,대구
,,,적립금처분수입,0.0,대구
,,보증금회수,보증금회수,0.0,대구
,,,보증금회수,0.0,대구
,,기타행정활동수입,기타행정활동수입,13077462.0,대구
,,,지난년도수입,0.0,대구
,,,이자수입,6703240.0,대구
,,,기타행정활동수입,6374222.0,대구
기타수입,기타수입,기타수입,기타수입,186435882.0,대구
,전년도이월금,전년도이월금,전년도이월금,186435882.0,대구
,,순세계잉여금,순세계잉여금,6435882.0,대구
,,,순세계잉여금,6435882.0,대구
,,정산대상재원사용잔액,정산대상재원사용잔액,0.0,대구
,,,정산대상재원사용잔액,0.0,대구
,,이월금,이월금,180000000.0,대구
,,,이월사업비,180000000.0,대구
세입합계,세입합계,세입합계,세입합계,1648230074.0,대구
장,관,항,목,0.0,강원
이전수입,이전수입,이전수입,이전수입,1868703550.0,강원
,중앙정부이전수입,중앙정부이전수입,중앙정부이전수입,0.0,강원
,,국고보조금,국고보조금,0.0,강원
,,,국고보조금,0.0,강원
,지방자치단체이전수입,지방자치단체이전수입,지방자치단체이전수입,0.0,강원
,,비법정이전수입,비법정이전수입,0.0,강원
,,,광역지방자치단체전입금,0.0,강원
,,,기초지방자치단체전입금,0.0,강원
,,교육경비보조금,교육경비보조금,0.0,강원
,,,광역지방자치단체전입금,0.0,강원
,,,기초지방자치단체전입금,0.0,강원
,지방교육행정기관이전수입,지방교육행정기관이전수입,지방교육행정기관이전수입,1866803550.0,강원
,,교육비특별회계전입금수입,교육비특별회계전입금수입,1866803550.0,강원
,,,교육비특별회계전입금,1866803550.0,강원
,,기금회계전입금수입,기금회계전입금수입,0.0,강원
,,,기금회계전입금,0.0,강원
,기타이전수입,기타이전수입,기타이전수입,1900000.0,강원
,,학교회계간이전수입,학교회계간이전수입,0.0,강원
,,,학교발전기금전입금,0.0,강원
,,,다른학교회계전입금,0.0,강원
,,,기타학교회계전입금,0.0,강원
,,기타공공이전수입,기타공공이전수입,1900000.0,강원
,,,기타공공지원금,1900000.0,강원
자체수입,자체수입,자체수입,자체수입,86296800.0,강원
,학부모부담수입,학부모부담수입,학부모부담수입,75196240.0,강원
,,등록금,등록금,0.0,강원
,,,학교운영지원비,0.0,강원
,,수익자부담수입,수익자부담수입,75196240.0,강원
,,,급식비,49736240.0,강원
,,,방과후학교활동비,21652000.0,강원
,,,현장체험학습비,0.0,강원
,,,청소년단체활동비,0.0,강원
,,,졸업앨범비,3808000.0,강원
,,,교과서비,0.0,강원
,,,기숙사비,0.0,강원
,,,기타수익자부담수입,0.0,강원
,,,누리과정비,0.0,강원
,,,교복구입비,0.0,강원
,,,운동부운영비,0.0,강원
,,,돌봄활동운영비,0.0,강원
,행정활동수입,행정활동수입,행정활동수입,11100560.0,강원
,,사용료및수수료,사용료및수수료,3281200.0,강원
,,,사용료및수수료,3281200.0,강원
,,자산수입,자산수입,0.0,강원
,,,자산매각대,0.0,강원
,,적립금처분수입,적립금처분수입,0.0,강원
,,,적립금처분수입,0.0,강원
,,보증금회수,보증금회수,0.0,강원
,,,보증금회수,0.0,강원
,,기타행정활동수입,기타행정활동수입,7819360.0,강원
,,,지난년도수입,0.0,강원
,,,이자수입,6795440.0,강원
,,,기타행정활동수입,1023920.0,강원
기타수입,기타수입,기타수입,기타수입,11759340.0,강원
,전년도이월금,전년도이월금,전년도이월금,11759340.0,강원
,,순세계잉여금,순세계잉여금,7363620.0,강원
,,,순세계잉여금,7363620.0,강원
,,정산대상재원사용잔액,정산대상재원사용잔액,4395720.0,강원
,,,정산대상재원사용잔액,4395720.0,강원
,,이월금,이월금,0.0,강원
,,,이월사업비,0.0,강원
세입합계,세입합계,세입합계,세입합계,1966759690.0,강원
장,관,항,목,0.0,대전
이전수입,이전수입,이전수입,이전수입,1249508950.0,대전
,중앙정부이전수입,중앙정부이전수입,중앙정부이전수입,0.0,대전
,,국고보조금,국고보조금,0.0,대전
,,,국고보조금,0.0,대전
,지방자치단체이전수입,지방자치단체이전수입,지방자치단체이전수입,9212800.0,대전
,,비법정이전수입,비법정이전수입,9212800.0,대전
,,,광역지방자치단체전입금,400000.0,대전
,,,기초지방자치단체전입금,8812800.0,대전
,,교육경비보조금,교육경비보조금,0.0,대전
,,,광역지방자치단체전입금,0.0,대전
,,,기초지방자치단체전입금,0.0,대전
,지방교육행정기관이전수입,지방교육행정기관이전수입,지방교육행정기관이전수입,1238596150.0,대전
,,교육비특별회계전입금수입,교육비특별회계전입금수입,1238596150.0,대전
,,,교육비특별회계전입금,1238596150.0,대전
,,기금회계전입금수입,기금회계전입금수입,0.0,대전
,,,기금회계전입금,0.0,대전
,기타이전수입,기타이전수입,기타이전수입,1700000.0,대전
,,학교회계간이전수입,학교회계간이전수입,0.0,대전
,,,학교발전기금전입금,0.0,대전
,,,다른학교회계전입금,0.0,대전
,,,기타학교회계전입금,0.0,대전
,,기타공공이전수입,기타공공이전수입,1700000.0,대전
,,,기타공공지원금,1700000.0,대전
자체수입,자체수입,자체수입,자체수입,59343090.0,대전
,학부모부담수입,학부모부담수입,학부모부담수입,40973860.0,대전
,,등록금,등록금,0.0,대전
,,,학교운영지원비,0.0,대전
,,수익자부담수입,수익자부담수입,40973860.0,대전
,,,급식비,26300020.0,대전
,,,방과후학교활동비,10323000.0,대전
,,,현장체험학습비,1943840.0,대전
,,,청소년단체활동비,191000.0,대전
,,,졸업앨범비,1136000.0,대전
,,,교과서비,0.0,대전
,,,기숙사비,0.0,대전
,,,기타수익자부담수입,0.0,대전
,,,누리과정비,0.0,대전
,,,교복구입비,0.0,대전
,,,운동부운영비,0.0,대전
,,,돌봄활동운영비,1080000.0,대전
,행정활동수입,행정활동수입,행정활동수입,18369230.0,대전
,,사용료및수수료,사용료및수수료,1206200.0,대전
,,,사용료및수수료,1206200.0,대전
,,자산수입,자산수입,12195000.0,대전
,,,자산매각대,12195000.0,대전
,,적립금처분수입,적립금처분수입,0.0,대전
,,,적립금처분수입,0.0,대전
,,보증금회수,보증금회수,0.0,대전
,,,보증금회수,0.0,대전
,,기타행정활동수입,기타행정활동수입,4968030.0,대전
,,,지난년도수입,0.0,대전
,,,이자수입,2387330.0,대전
,,,기타행정활동수입,2580700.0,대전
기타수입,기타수입,기타수입,기타수입,13123190.0,대전
,전년도이월금,전년도이월금,전년도이월금,13123190.0,대전
,,순세계잉여금,순세계잉여금,12380460.0,대전
,,,순세계잉여금,12380460.0,대전
,,정산대상재원사용잔액,정산대상재원사용잔액,742730.0,대전
,,,정산대상재원사용잔액,742730.0,대전
,,이월금,이월금,0.0,대전
,,,이월사업비,0.0,대전
세입합계,세입합계,세입합계,세입합계,1321975230.0,대전
장,관,항,목,0.0,전남
이전수입,이전수입,이전수입,이전수입,3662042500.0,전남
,중앙정부이전수입,중앙정부이전수입,중앙정부이전수입,13050000.0,전남
,,국고보조금,국고보조금,13050000.0,전남
,,,국고보조금,13050000.0,전남
,지방자치단체이전수입,지방자치단체이전수입,지방자치단체이전수입,111168900.0,전남
,,비법정이전수입,비법정이전수입,18820000.0,전남
,,,광역지방자치단체전입금,0.0,전남
,,,기초지방자치단체전입금,18820000.0,전남
,,교육경비보조금,교육경비보조금,92348900.0,전남
,,,광역지방자치단체전입금,0.0,전남
,,,기초지방자치단체전입금,92348900.0,전남
,지방교육행정기관이전수입,지방교육행정기관이전수입,지방교육행정기관이전수입,3475021060.0,전남
,,교육비특별회계전입금수입,교육비특별회계전입금수입,3475021060.0,전남
,,,교육비특별회계전입금,3475021060.0,전남
,,기금회계전입금수입,기금회계전입금수입,0.0,전남
,,,기금회계전입금,0.0,전남
,기타이전수입,기타이전수입,기타이전수입,62802540.0,전남
,,학교회계간이전수입,학교회계간이전수입,29942540.0,전남
,,,학교발전기금전입금,29942540.0,전남
,,,다른학교회계전입금,0.0,전남
,,,기타학교회계전입금,0.0,전남
,,기타공공이전수입,기타공공이전수입,32860000.0,전남
,,,기타공공지원금,32860000.0,전남
자체수입,자체수입,자체수입,자체수입,145807410.0,전남
,학부모부담수입,학부모부담수입,학부모부담수입,133797760.0,전남
,,등록금,등록금,0.0,전남
,,,학교운영지원비,0.0,전남
,,수익자부담수입,수익자부담수입,133797760.0,전남
,,,급식비,84922570.0,전남
,,,방과후학교활동비,5805000.0,전남
,,,현장체험학습비,33430190.0,전남
,,,청소년단체활동비,0.0,전남
,,,졸업앨범비,9640000.0,전남
,,,교과서비,0.0,전남
,,,기숙사비,0.0,전남
,,,기타수익자부담수입,0.0,전남
,,,누리과정비,0.0,전남
,,,교복구입비,0.0,전남
,,,운동부운영비,0.0,전남
,,,돌봄활동운영비,0.0,전남
,행정활동수입,행정활동수입,행정활동수입,12009650.0,전남
,,사용료및수수료,사용료및수수료,3000000.0,전남
,,,사용료및수수료,3000000.0,전남
,,자산수입,자산수입,168400.0,전남
,,,자산매각대,168400.0,전남
,,적립금처분수입,적립금처분수입,0.0,전남
,,,적립금처분수입,0.0,전남
,,보증금회수,보증금회수,0.0,전남
,,,보증금회수,0.0,전남
,,기타행정활동수입,기타행정활동수입,8841250.0,전남
,,,지난년도수입,0.0,전남
,,,이자수입,7160650.0,전남
,,,기타행정활동수입,1680600.0,전남
기타수입,기타수입,기타수입,기타수입,43416230.0,전남
,전년도이월금,전년도이월금,전년도이월금,43416230.0,전남
,,순세계잉여금,순세계잉여금,38662180.0,전남
,,,순세계잉여금,38662180.0,전남
,,정산대상재원사용잔액,정산대상재원사용잔액,1754050.0,전남
,,,정산대상재원사용잔액,1754050.0,전남
,,이월금,이월금,3000000.0,전남
,,,이월사업비,3000000.0,전남
세입합계,세입합계,세입합계,세입합계,3851266140.0,전남
장,관,항,목,0.0,인천
이전수입,이전수입,이전수입,이전수입,7065920700.0,인천
,중앙정부이전수입,중앙정부이전수입,중앙정부이전수입,0.0,인천
,,국고보조금,국고보조금,0.0,인천
,,,국고보조금,0.0,인천
,지방자치단체이전수입,지방자치단체이전수입,지방자치단체이전수입,23710000.0,인천
,,비법정이전수입,비법정이전수입,0.0,인천
,,,광역지방자치단체전입금,0.0,인천
,,,기초지방자치단체전입금,0.0,인천
,,교육경비보조금,교육경비보조금,23710000.0,인천
,,,광역지방자치단체전입금,0.0,인천
,,,기초지방자치단체전입금,23710000.0,인천
,지방교육행정기관이전수입,지방교육행정기관이전수입,지방교육행정기관이전수입,7022680740.0,인천
,,교육비특별회계전입금수입,교육비특별회계전입금수입,7022680740.0,인천
,,,교육비특별회계전입금,7022680740.0,인천
,,기금회계전입금수입,기금회계전입금수입,0.0,인천
,,,기금회계전입금,0.0,인천
,기타이전수입,기타이전수입,기타이전수입,19529960.0,인천
,,학교회계간이전수입,학교회계간이전수입,1200000.0,인천
,,,학교발전기금전입금,1200000.0,인천
,,,다른학교회계전입금,0.0,인천
,,,기타학교회계전입금,0.0,인천
,,기타공공이전수입,기타공공이전수입,18329960.0,인천
,,,기타공공지원금,18329960.0,인천
자체수입,자체수입,자체수입,자체수입,560056420.0,인천
,학부모부담수입,학부모부담수입,학부모부담수입,518975060.0,인천
,,등록금,등록금,0.0,인천
,,,학교운영지원비,0.0,인천
,,수익자부담수입,수익자부담수입,518975060.0,인천
,,,급식비,123033300.0,인천
,,,방과후학교활동비,331517110.0,인천
,,,현장체험학습비,12447840.0,인천
,,,청소년단체활동비,0.0,인천
,,,졸업앨범비,21317200.0,인천
,,,교과서비,0.0,인천
,,,기숙사비,0.0,인천
,,,기타수익자부담수입,10165950.0,인천
,,,누리과정비,1745160.0,인천
,,,교복구입비,0.0,인천
,,,운동부운영비,0.0,인천
,,,돌봄활동운영비,18748500.0,인천
,행정활동수입,행정활동수입,행정활동수입,41081360.0,인천
,,사용료및수수료,사용료및수수료,13218720.0,인천
,,,사용료및수수료,13218720.0,인천
,,자산수입,자산수입,4749100.0,인천
,,,자산매각대,4749100.0,인천
,,적립금처분수입,적립금처분수입,0.0,인천
,,,적립금처분수입,0.0,인천
,,보증금회수,보증금회수,0.0,인천
,,,보증금회수,0.0,인천
,,기타행정활동수입,기타행정활동수입,23113540.0,인천
,,,지난년도수입,0.0,인천
,,,이자수입,12805210.0,인천
,,,기타행정활동수입,10308330.0,인천
기타수입,기타수입,기타수입,기타수입,83150380.0,인천
,전년도이월금,전년도이월금,전년도이월금,83150380.0,인천
,,순세계잉여금,순세계잉여금,63596530.0,인천
,,,순세계잉여금,63596530.0,인천
,,정산대상재원사용잔액,정산대상재원사용잔액,0.0,인천
,,,정산대상재원사용잔액,0.0,인천
,,이월금,이월금,19553850.0,인천
,,,이월사업비,19553850.0,인천
세입합계,세입합계,세입합계,세입합계,7709127500.0,인천
장,관,항,목,0.0,울산
이전수입,이전수입,이전수입,이전수입,1903000830.0,울산
,중앙정부이전수입,중앙정부이전수입,중앙정부이전수입,11950000.0,울산
,,국고보조금,국고보조금,11950000.0,울산
,,,국고보조금,11950000.0,울산
,지방자치단체이전수입,지방자치단체이전수입,지방자치단체이전수입,64631830.0,울산
,,비법정이전수입,비법정이전수입,64631830.0,울산
,,,광역지방자치단체전입금,0.0,울산
,,,기초지방자치단체전입금,64631830.0,울산
,,교육경비보조금,교육경비보조금,0.0,울산
,,,광역지방자치단체전입금,0.0,울산
,,,기초지방자치단체전입금,0.0,울산
,지방교육행정기관이전수입,지방교육행정기관이전수입,지방교육행정기관이전수입,1826019000.0,울산
,,교육비특별회계전입금수입,교육비특별회계전입금수입,1826019000.0,울산
,,,교육비특별회계전입금,1826019000.0,울산
,,기금회계전입금수입,기금회계전입금수입,0.0,울산
,,,기금회계전입금,0.0,울산
,기타이전수입,기타이전수입,기타이전수입,400000.0,울산
,,학교회계간이전수입,학교회계간이전수입,0.0,울산
,,,학교발전기금전입금,0.0,울산
,,,다른학교회계전입금,0.0,울산
,,,기타학교회계전입금,0.0,울산
,,기타공공이전수입,기타공공이전수입,400000.0,울산
,,,기타공공지원금,400000.0,울산
자체수입,자체수입,자체수입,자체수입,234492605.0,울산
,학부모부담수입,학부모부담수입,학부모부담수입,219605120.0,울산
,,등록금,등록금,0.0,울산
,,,학교운영지원비,0.0,울산
,,수익자부담수입,수익자부담수입,219605120.0,울산
,,,급식비,36549910.0,울산
,,,방과후학교활동비,157590110.0,울산
,,,현장체험학습비,3661000.0,울산
,,,청소년단체활동비,0.0,울산
,,,졸업앨범비,7590000.0,울산
,,,교과서비,0.0,울산
,,,기숙사비,0.0,울산
,,,기타수익자부담수입,0.0,울산
,,,누리과정비,0.0,울산
,,,교복구입비,0.0,울산
,,,운동부운영비,0.0,울산
,,,돌봄활동운영비,14214100.0,울산
,행정활동수입,행정활동수입,행정활동수입,14887485.0,울산
,,사용료및수수료,사용료및수수료,7059530.0,울산
,,,사용료및수수료,7059530.0,울산
,,자산수입,자산수입,0.0,울산
,,,자산매각대,0.0,울산
,,적립금처분수입,적립금처분수입,0.0,울산
,,,적립금처분수입,0.0,울산
,,보증금회수,보증금회수,0.0,울산
,,,보증금회수,0.0,울산
,,기타행정활동수입,기타행정활동수입,7827955.0,울산
,,,지난년도수입,0.0,울산
,,,이자수입,5449035.0,울산
,,,기타행정활동수입,2378920.0,울산
기타수입,기타수입,기타수입,기타수입,10525530.0,울산
,전년도이월금,전년도이월금,전년도이월금,10525530.0,울산
,,순세계잉여금,순세계잉여금,6542530.0,울산
,,,순세계잉여금,6542530.0,울산
,,정산대상재원사용잔액,정산대상재원사용잔액,3983000.0,울산
,,,정산대상재원사용잔액,3983000.0,울산
,,이월금,이월금,0.0,울산
,,,이월사업비,0.0,울산
세입합계,세입합계,세입합계,세입합계,2148018965.0,울산
장,관,항,목,0.0,경북
이전수입,이전수입,이전수입,이전수입,5578086590.0,경북
,중앙정부이전수입,중앙정부이전수입,중앙정부이전수입,0.0,경북
,,국고보조금,국고보조금,0.0,경북
,,,국고보조금,0.0,경북
,지방자치단체이전수입,지방자치단체이전수입,지방자치단체이전수입,164694610.0,경북
,,비법정이전수입,비법정이전수입,158108610.0,경북
,,,광역지방자치단체전입금,0.0,경북
,,,기초지방자치단체전입금,158108610.0,경북
,,교육경비보조금,교육경비보조금,6586000.0,경북
,,,광역지방자치단체전입금,0.0,경북
,,,기초지방자치단체전입금,6586000.0,경북
,지방교육행정기관이전수입,지방교육행정기관이전수입,지방교육행정기관이전수입,5406451980.0,경북
,,교육비특별회계전입금수입,교육비특별회계전입금수입,5406451980.0,경북
,,,교육비특별회계전입금,5406451980.0,경북
,,기금회계전입금수입,기금회계전입금수입,0.0,경북
,,,기금회계전입금,0.0,경북
,기타이전수입,기타이전수입,기타이전수입,6940000.0,경북
,,학교회계간이전수입,학교회계간이전수입,0.0,경북
,,,학교발전기금전입금,0.0,경북
,,,다른학교회계전입금,0.0,경북
,,,기타학교회계전입금,0.0,경북
,,기타공공이전수입,기타공공이전수입,6940000.0,경북
,,,기타공공지원금,6940000.0,경북
자체수입,자체수입,자체수입,자체수입,249312514.0,경북
,학부모부담수입,학부모부담수입,학부모부담수입,224233680.0,경북
,,등록금,등록금,0.0,경북
,,,학교운영지원비,0.0,경북
,,수익자부담수입,수익자부담수입,224233680.0,경북
,,,급식비,96494900.0,경북
,,,방과후학교활동비,105856730.0,경북
,,,현장체험학습비,4177250.0,경북
,,,청소년단체활동비,0.0,경북
,,,졸업앨범비,3219000.0,경북
,,,교과서비,0.0,경북
,,,기숙사비,0.0,경북
,,,기타수익자부담수입,0.0,경북
,,,누리과정비,0.0,경북
,,,교복구입비,0.0,경북
,,,운동부운영비,0.0,경북
,,,돌봄활동운영비,14485800.0,경북
,행정활동수입,행정활동수입,행정활동수입,25078834.0,경북
,,사용료및수수료,사용료및수수료,3383000.0,경북
,,,사용료및수수료,3383000.0,경북
,,자산수입,자산수입,1995000.0,경북
,,,자산매각대,1995000.0,경북
,,적립금처분수입,적립금처분수입,0.0,경북
,,,적립금처분수입,0.0,경북
,,보증금회수,보증금회수,0.0,경북
,,,보증금회수,0.0,경북
,,기타행정활동수입,기타행정활동수입,19700834.0,경북
,,,지난년도수입,0.0,경북
,,,이자수입,16498384.0,경북
,,,기타행정활동수입,3202450.0,경북
기타수입,기타수입,기타수입,기타수입,217450840.0,경북
,전년도이월금,전년도이월금,전년도이월금,217450840.0,경북
,,순세계잉여금,순세계잉여금,85605830.0,경북
,,,순세계잉여금,85605830.0,경북
,,정산대상재원사용잔액,정산대상재원사용잔액,6251780.0,경북
,,,정산대상재원사용잔액,6251780.0,경북
,,이월금,이월금,125593230.0,경북
,,,이월사업비,125593230.0,경북
세입합계,세입합계,세입합계,세입합계,6044849944.0,경북
장,관,항,목,0.0,충북
이전수입,이전수입,이전수입,이전수입,3776162100.0,충북
,중앙정부이전수입,중앙정부이전수입,중앙정부이전수입,55000000.0,충북
,,국고보조금,국고보조금,55000000.0,충북
,,,국고보조금,55000000.0,충북
,지방자치단체이전수입,지방자치단체이전수입,지방자치단체이전수입,5520000.0,충북
,,비법정이전수입,비법정이전수입,5520000.0,충북
,,,광역지방자치단체전입금,0.0,충북
,,,기초지방자치단체전입금,5520000.0,충북
,,교육경비보조금,교육경비보조금,0.0,충북
,,,광역지방자치단체전입금,0.0,충북
,,,기초지방자치단체전입금,0.0,충북
,지방교육행정기관이전수입,지방교육행정기관이전수입,지방교육행정기관이전수입,3540624250.0,충북
,,교육비특별회계전입금수입,교육비특별회계전입금수입,3495801250.0,충북
,,,교육비특별회계전입금,3495801250.0,충북
,,기금회계전입금수입,기금회계전입금수입,44823000.0,충북
,,,기금회계전입금,44823000.0,충북
,기타이전수입,기타이전수입,기타이전수입,175017850.0,충북
,,학교회계간이전수입,학교회계간이전수입,96246340.0,충북
,,,학교발전기금전입금,0.0,충북
,,,다른학교회계전입금,96246340.0,충북
,,,기타학교회계전입금,0.0,충북
,,기타공공이전수입,기타공공이전수입,78771510.0,충북
,,,기타공공지원금,78771510.0,충북
자체수입,자체수입,자체수입,자체수입,304858975.0,충북
,학부모부담수입,학부모부담수입,학부모부담수입,286100230.0,충북
,,등록금,등록금,0.0,충북
,,,학교운영지원비,0.0,충북
,,수익자부담수입,수익자부담수입,286100230.0,충북
,,,급식비,124971980.0,충북
,,,방과후학교활동비,90203410.0,충북
,,,현장체험학습비,32819930.0,충북
,,,청소년단체활동비,0.0,충북
,,,졸업앨범비,11499860.0,충북
,,,교과서비,0.0,충북
,,,기숙사비,0.0,충북
,,,기타수익자부담수입,26605050.0,충북
,,,누리과정비,0.0,충북
,,,교복구입비,0.0,충북
,,,운동부운영비,0.0,충북
,,,돌봄활동운영비,0.0,충북
,행정활동수입,행정활동수입,행정활동수입,18758745.0,충북
,,사용료및수수료,사용료및수수료,3881260.0,충북
,,,사용료및수수료,3881260.0,충북
,,자산수입,자산수입,7333500.0,충북
,,,자산매각대,7333500.0,충북
,,적립금처분수입,적립금처분수입,0.0,충북
,,,적립금처분수입,0.0,충북
,,보증금회수,보증금회수,0.0,충북
,,,보증금회수,0.0,충북
,,기타행정활동수입,기타행정활동수입,7543985.0,충북
,,,지난년도수입,0.0,충북
,,,이자수입,5858115.0,충북
,,,기타행정활동수입,1685870.0,충북
기타수입,기타수입,기타수입,기타수입,68228300.0,충북
,전년도이월금,전년도이월금,전년도이월금,68228300.0,충북
,,순세계잉여금,순세계잉여금,68228300.0,충북
,,,순세계잉여금,68228300.0,충북
,,정산대상재원사용잔액,정산대상재원사용잔액,0.0,충북
,,,정산대상재원사용잔액,0.0,충북
,,이월금,이월금,0.0,충북
,,,이월사업비,0.0,충북
세입합계,세입합계,세입합계,세입합계,4149249375.0,충북
장,관,항,목,0.0,전북
이전수입,이전수입,이전수입,이전수입,1567122830.0,전북
,중앙정부이전수입,중앙정부이전수입,중앙정부이전수입,0.0,전북
,,국고보조금,국고보조금,0.0,전북
,,,국고보조금,0.0,전북
,지방자치단체이전수입,지방자치단체이전수입,지방자치단체이전수입,8394000.0,전북
,,비법정이전수입,비법정이전수입,0.0,전북
,,,광역지방자치단체전입금,0.0,전북
,,,기초지방자치단체전입금,0.0,전북
,,교육경비보조금,교육경비보조금,8394000.0,전북
,,,광역지방자치단체전입금,0.0,전북
,,,기초지방자치단체전입금,8394000.0,전북
,지방교육행정기관이전수입,지방교육행정기관이전수입,지방교육행정기관이전수입,1532972870.0,전북
,,교육비특별회계전입금수입,교육비특별회계전입금수입,1532972870.0,전북
,,,교육비특별회계전입금,1532972870.0,전북
,,기금회계전입금수입,기금회계전입금수입,0.0,전북
,,,기금회계전입금,0.0,전북
,기타이전수입,기타이전수입,기타이전수입,25755960.0,전북
,,학교회계간이전수입,학교회계간이전수입,8991460.0,전북
,,,학교발전기금전입금,8500000.0,전북
,,,다른학교회계전입금,491460.0,전북
,,,기타학교회계전입금,0.0,전북
,,기타공공이전수입,기타공공이전수입,16764500.0,전북
,,,기타공공지원금,16764500.0,전북
자체수입,자체수입,자체수입,자체수입,50127880.0,전북
,학부모부담수입,학부모부담수입,학부모부담수입,47558140.0,전북
,,등록금,등록금,0.0,전북
,,,학교운영지원비,0.0,전북
,,수익자부담수입,수익자부담수입,47558140.0,전북
,,,급식비,47558140.0,전북
,,,방과후학교활동비,0.0,전북
,,,현장체험학습비,0.0,전북
,,,청소년단체활동비,0.0,전북
,,,졸업앨범비,0.0,전북
,,,교과서비,0.0,전북
,,,기숙사비,0.0,전북
,,,기타수익자부담수입,0.0,전북
,,,누리과정비,0.0,전북
,,,교복구입비,0.0,전북
,,,운동부운영비,0.0,전북
,,,돌봄활동운영비,0.0,전북
,행정활동수입,행정활동수입,행정활동수입,2569740.0,전북
,,사용료및수수료,사용료및수수료,303870.0,전북
,,,사용료및수수료,303870.0,전북
,,자산수입,자산수입,180050.0,전북
,,,자산매각대,180050.0,전북
,,적립금처분수입,적립금처분수입,0.0,전북
,,,적립금처분수입,0.0,전북
,,보증금회수,보증금회수,0.0,전북
,,,보증금회수,0.0,전북
,,기타행정활동수입,기타행정활동수입,2085820.0,전북
,,,지난년도수입,0.0,전북
,,,이자수입,1693890.0,전북
,,,기타행정활동수입,391930.0,전북
기타수입,기타수입,기타수입,기타수입,12123530.0,전북
,전년도이월금,전년도이월금,전년도이월금,12123530.0,전북
,,순세계잉여금,순세계잉여금,9995530.0,전북
,,,순세계잉여금,9995530.0,전북
,,정산대상재원사용잔액,정산대상재원사용잔액,0.0,전북
,,,정산대상재원사용잔액,0.0,전북
,,이월금,이월금,2128000.0,전북
,,,이월사업비,2128000.0,전북
세입합계,세입합계,세입합계,세입합계,1629374240.0,전북
장,관,항,목,0.0,서울
이전수입,이전수입,이전수입,이전수입,22406680476.0,서울
,중앙정부이전수입,중앙정부이전수입,중앙정부이전수입,16200000.0,서울
,,국고보조금,국고보조금,16200000.0,서울
,,,국고보조금,16200000.0,서울
,지방자치단체이전수입,지방자치단체이전수입,지방자치단체이전수입,1025871050.0,서울
,,비법정이전수입,비법정이전수입,352665650.0,서울
,,,광역지방자치단체전입금,296468280.0,서울
,,,기초지방자치단체전입금,56197370.0,서울
,,교육경비보조금,교육경비보조금,673205400.0,서울
,,,광역지방자치단체전입금,38400000.0,서울
,,,기초지방자치단체전입금,634805400.0,서울
,지방교육행정기관이전수입,지방교육행정기관이전수입,지방교육행정기관이전수입,19773446960.0,서울
,,교육비특별회계전입금수입,교육비특별회계전입금수입,19773446960.0,서울
,,,교육비특별회계전입금,19773446960.0,서울
,,기금회계전입금수입,기금회계전입금수입,0.0,서울
,,,기금회계전입금,0.0,서울
,기타이전수입,기타이전수입,기타이전수입,1591162466.0,서울
,,학교회계간이전수입,학교회계간이전수입,1581461766.0,서울
,,,학교발전기금전입금,502263345.0,서울
,,,다른학교회계전입금,1079198421.0,서울
,,,기타학교회계전입금,0.0,서울
,,기타공공이전수입,기타공공이전수입,1080700.0,서울
,,,기타공공지원금,1080700.0,서울
자체수입,자체수입,자체수입,자체수입,1750732548.0,서울
,학부모부담수입,학부모부담수입,학부모부담수입,1676205535.0,서울
,,등록금,등록금,8620000.0,서울
,,,학교운영지원비,9836913056.0,서울
,,수익자부담수입,수익자부담수입,11012469465.0,서울
,,,급식비,7056192030.0,서울
,,,방과후학교활동비,1163747085.0,서울
,,,현장체험학습비,5534384310.0,서울
,,,청소년단체활동비,1246688040.0,서울
,,,졸업앨범비,2645298570.0,서울
,,,교과서비,973274450.0,서울
,,,기숙사비,97400470.0,서울
,,,기타수익자부담수입,221191150.0,서울
,,,누리과정비,0.0,서울
,,,교복구입비,35775920.0,서울
,,,운동부운영비,139296470.0,서울
,,,돌봄활동운영비,1216779000.0,서울
,행정활동수입,행정활동수입,행정활동수입,110472913.0,서울
,,사용료및수수료,사용료및수수료,37460800.0,서울
,,,사용료및수수료,37460800.0,서울
,,자산수입,자산수입,910000.0,서울
,,,자산매각대,910000.0,서울
,,적립금처분수입,적립금처분수입,492029126.0,서울
,,,적립금처분수입,401791267.0,서울
,,보증금회수,보증금회수,401791267.0,서울
,,,보증금회수,6416500.0,서울
,,기타행정활동수입,기타행정활동수입,51192713.0,서울
,,,지난년도수입,19930.0,서울
,,,이자수입,20902381.0,서울
,,,기타행정활동수입,23853902.0,서울
기타수입,기타수입,기타수입,기타수입,790825362.0,서울
,전년도이월금,전년도이월금,전년도이월금,874646721.0,서울
,,순세계잉여금,순세계잉여금,204213919.0,서울
,,,순세계잉여금,245753824.0,서울
,,정산대상재원사용잔액,정산대상재원사용잔액,43231614.0,서울
,,,정산대상재원사용잔액,338297989.0,서울
,,이월금,이월금,923009112.0,서울
,,,이월사업비,659085572.0,서울
세입합계,세입합계,세입합계,세입합계,16820538196.0,서울
장,관,항,목,0.0,경기
이전수입,이전수입,이전수입,이전수입,35212212490.0,경기
,중앙정부이전수입,중앙정부이전수입,중앙정부이전수입,0.0,경기
,,국고보조금,국고보조금,0.0,경기
,,,국고보조금,0.0,경기
,지방자치단체이전수입,지방자치단체이전수입,지방자치단체이전수입,4979933400.0,경기
,,비법정이전수입,비법정이전수입,3419407340.0,경기
,,,광역지방자치단체전입금,100719400.0,경기
,,,기초지방자치단체전입금,3318687940.0,경기
,,교육경비보조금,교육경비보조금,1560526060.0,경기
,,,광역지방자치단체전입금,0.0,경기
,,,기초지방자치단체전입금,1560526060.0,경기
,지방교육행정기관이전수입,지방교육행정기관이전수입,지방교육행정기관이전수입,30086081790.0,경기
,,교육비특별회계전입금수입,교육비특별회계전입금수입,30086081790.0,경기
,,,교육비특별회계전입금,30086081790.0,경기
,,기금회계전입금수입,기금회계전입금수입,0.0,경기
,,,기금회계전입금,0.0,경기
,기타이전수입,기타이전수입,기타이전수입,146197300.0,경기
,,학교회계간이전수입,학교회계간이전수입,78890390.0,경기
,,,학교발전기금전입금,7000000.0,경기
,,,다른학교회계전입금,71890390.0,경기
,,,기타학교회계전입금,34000000.0,경기
,,기타공공이전수입,기타공공이전수입,64706910.0,경기
,,,기타공공지원금,30706910.0,경기
자체수입,자체수입,자체수입,자체수입,2044063830.0,경기
,학부모부담수입,학부모부담수입,학부모부담수입,1931269650.0,경기
,,등록금,등록금,2895440.0,경기
,,,학교운영지원비,522916330.0,경기
,,수익자부담수입,수익자부담수입,2433664850.0,경기
,,,급식비,510024750.0,경기
,,,방과후학교활동비,669039870.0,경기
,,,현장체험학습비,178457700.0,경기
,,,청소년단체활동비,0.0,경기
,,,졸업앨범비,628943390.0,경기
,,,교과서비,392508700.0,경기
,,,기숙사비,4399200.0,경기
,,,기타수익자부담수입,42221610.0,경기
,,,누리과정비,8099350.0,경기
,,,교복구입비,16634700.0,경기
,,,운동부운영비,347760220.0,경기
,,,돌봄활동운영비,84646000.0,경기
,행정활동수입,행정활동수입,행정활동수입,122114180.0,경기
,,사용료및수수료,사용료및수수료,19648300.0,경기
,,,사용료및수수료,19648300.0,경기
,,자산수입,자산수입,60475800.0,경기
,,,자산매각대,10975800.0,경기
,,적립금처분수입,적립금처분수입,17330250.0,경기
,,,적립금처분수입,350500.0,경기
,,보증금회수,보증금회수,350500.0,경기
,,,보증금회수,0.0,경기
,,기타행정활동수입,기타행정활동수입,84770080.0,경기
,,,지난년도수입,0.0,경기
,,,이자수입,45494040.0,경기
,,,기타행정활동수입,39276040.0,경기
기타수입,기타수입,기타수입,기타수입,485536770.0,경기
,전년도이월금,전년도이월금,전년도이월금,502516520.0,경기
,,순세계잉여금,순세계잉여금,103755300.0,경기
,,,순세계잉여금,113893150.0,경기
,,정산대상재원사용잔액,정산대상재원사용잔액,34093370.0,경기
,,,정산대상재원사용잔액,230701682.0,경기
,,이월금,이월금,557980212.0,경기
,,,이월사업비,367700222.0,경기
세입합계,세입합계,세입합계,세입합계,29235432512.0,경기
장,관,항,목,0.0,충남
이전수입,이전수입,이전수입,이전수입,4947247830.0,충남
,중앙정부이전수입,중앙정부이전수입,중앙정부이전수입,30000000.0,충남
,,국고보조금,국고보조금,30000000.0,충남
,,,국고보조금,30000000.0,충남
,지방자치단체이전수입,지방자치단체이전수입,지방자치단체이전수입,28730000.0,충남
,,비법정이전수입,비법정이전수입,330000.0,충남
,,,광역지방자치단체전입금,0.0,충남
,,,기초지방자치단체전입금,330000.0,충남
,,교육경비보조금,교육경비보조금,28400000.0,충남
,,,광역지방자치단체전입금,0.0,충남
,,,기초지방자치단체전입금,28400000.0,충남
,지방교육행정기관이전수입,지방교육행정기관이전수입,지방교육행정기관이전수입,4853645290.0,충남
,,교육비특별회계전입금수입,교육비특별회계전입금수입,4853645290.0,충남
,,,교육비특별회계전입금,4853645290.0,충남
,,기금회계전입금수입,기금회계전입금수입,0.0,충남
,,,기금회계전입금,0.0,충남
,기타이전수입,기타이전수입,기타이전수입,34872540.0,충남
,,학교회계간이전수입,학교회계간이전수입,34291540.0,충남
,,,학교발전기금전입금,4194230.0,충남
,,,다른학교회계전입금,30097310.0,충남
,,,기타학교회계전입금,0.0,충남
,,기타공공이전수입,기타공공이전수입,581000.0,충남
,,,기타공공지원금,581000.0,충남
자체수입,자체수입,자체수입,자체수입,316408639.0,충남
,학부모부담수입,학부모부담수입,학부모부담수입,297138590.0,충남
,,등록금,등록금,0.0,충남
,,,학교운영지원비,0.0,충남
,,수익자부담수입,수익자부담수입,297138590.0,충남
,,,급식비,154335280.0,충남
,,,방과후학교활동비,57659540.0,충남
,,,현장체험학습비,69023970.0,충남
,,,청소년단체활동비,726000.0,충남
,,,졸업앨범비,15393800.0,충남
,,,교과서비,0.0,충남
,,,기숙사비,0.0,충남
,,,기타수익자부담수입,0.0,충남
,,,누리과정비,0.0,충남
,,,교복구입비,0.0,충남
,,,운동부운영비,0.0,충남
,,,돌봄활동운영비,0.0,충남
,행정활동수입,행정활동수입,행정활동수입,19270049.0,충남
,,사용료및수수료,사용료및수수료,5070370.0,충남
,,,사용료및수수료,5070370.0,충남
,,자산수입,자산수입,333500.0,충남
,,,자산매각대,333500.0,충남
,,적립금처분수입,적립금처분수입,0.0,충남
,,,적립금처분수입,0.0,충남
,,보증금회수,보증금회수,0.0,충남
,,,보증금회수,0.0,충남
,,기타행정활동수입,기타행정활동수입,13866179.0,충남
,,,지난년도수입,0.0,충남
,,,이자수입,10744639.0,충남
,,,기타행정활동수입,3121540.0,충남
기타수입,기타수입,기타수입,기타수입,31526770.0,충남
,전년도이월금,전년도이월금,전년도이월금,31526770.0,충남
,,순세계잉여금,순세계잉여금,15983460.0,충남
,,,순세계잉여금,15983460.0,충남
,,정산대상재원사용잔액,정산대상재원사용잔액,0.0,충남
,,,정산대상재원사용잔액,0.0,충남
,,이월금,이월금,15543310.0,충남
,,,이월사업비,15543310.0,충남
세입합계,세입합계,세입합계,세입합계,5295183239.0,충남
장,관,항,목,0.0,광주
이전수입,이전수입,이전수입,이전수입,1583824560.0,광주
,중앙정부이전수입,중앙정부이전수입,중앙정부이전수입,0.0,광주
,,국고보조금,국고보조금,0.0,광주
,,,국고보조금,0.0,광주
,지방자치단체이전수입,지방자치단체이전수입,지방자치단체이전수입,0.0,광주
,,비법정이전수입,비법정이전수입,0.0,광주
,,,광역지방자치단체전입금,0.0,광주
,,,기초지방자치단체전입금,0.0,광주
,,교육경비보조금,교육경비보조금,0.0,광주
,,,광역지방자치단체전입금,0.0,광주
,,,기초지방자치단체전입금,0.0,광주
,지방교육행정기관이전수입,지방교육행정기관이전수입,지방교육행정기관이전수입,1583524560.0,광주
,,교육비특별회계전입금수입,교육비특별회계전입금수입,1583524560.0,광주
,,,교육비특별회계전입금,1583524560.0,광주
,,기금회계전입금수입,기금회계전입금수입,0.0,광주
,,,기금회계전입금,0.0,광주
,기타이전수입,기타이전수입,기타이전수입,300000.0,광주
,,학교회계간이전수입,학교회계간이전수입,0.0,광주
,,,학교발전기금전입금,0.0,광주
,,,다른학교회계전입금,0.0,광주
,,,기타학교회계전입금,0.0,광주
,,기타공공이전수입,기타공공이전수입,300000.0,광주
,,,기타공공지원금,300000.0,광주
자체수입,자체수입,자체수입,자체수입,197565148.0,광주
,학부모부담수입,학부모부담수입,학부모부담수입,191374410.0,광주
,,등록금,등록금,0.0,광주
,,,학교운영지원비,0.0,광주
,,수익자부담수입,수익자부담수입,191374410.0,광주
,,,급식비,49197490.0,광주
,,,방과후학교활동비,126059320.0,광주
,,,현장체험학습비,8245600.0,광주
,,,청소년단체활동비,0.0,광주
,,,졸업앨범비,0.0,광주
,,,교과서비,0.0,광주
,,,기숙사비,0.0,광주
,,,기타수익자부담수입,0.0,광주
,,,누리과정비,0.0,광주
,,,교복구입비,0.0,광주
,,,운동부운영비,0.0,광주
,,,돌봄활동운영비,7872000.0,광주
,행정활동수입,행정활동수입,행정활동수입,6190738.0,광주
,,사용료및수수료,사용료및수수료,655100.0,광주
,,,사용료및수수료,655100.0,광주
,,자산수입,자산수입,3129699.0,광주
,,,자산매각대,3129699.0,광주
,,적립금처분수입,적립금처분수입,0.0,광주
,,,적립금처분수입,0.0,광주
,,보증금회수,보증금회수,0.0,광주
,,,보증금회수,0.0,광주
,,기타행정활동수입,기타행정활동수입,2405939.0,광주
,,,지난년도수입,0.0,광주
,,,이자수입,980370.0,광주
,,,기타행정활동수입,1425569.0,광주
기타수입,기타수입,기타수입,기타수입,18888964.0,광주
,전년도이월금,전년도이월금,전년도이월금,18888964.0,광주
,,순세계잉여금,순세계잉여금,18888964.0,광주
,,,순세계잉여금,18888964.0,광주
,,정산대상재원사용잔액,정산대상재원사용잔액,0.0,광주
,,,정산대상재원사용잔액,0.0,광주
,,이월금,이월금,0.0,광주
,,,이월사업비,0.0,광주
세입합계,세입합계,세입합계,세입합계,1800278672.0,광주
장,관,항,목,0.0,제주
이전수입,이전수입,이전수입,이전수입,1254260330.0,제주
,중앙정부이전수입,중앙정부이전수입,중앙정부이전수입,0.0,제주
,,국고보조금,국고보조금,0.0,제주
,,,국고보조금,0.0,제주
,지방자치단체이전수입,지방자치단체이전수입,지방자치단체이전수입,0.0,제주
,,비법정이전수입,비법정이전수입,0.0,제주
,,,광역지방자치단체전입금,0.0,제주
,,,기초지방자치단체전입금,0.0,제주
,,교육경비보조금,교육경비보조금,0.0,제주
,,,광역지방자치단체전입금,0.0,제주
,,,기초지방자치단체전입금,0.0,제주
,지방교육행정기관이전수입,지방교육행정기관이전수입,지방교육행정기관이전수입,1254260330.0,제주
,,교육비특별회계전입금수입,교육비특별회계전입금수입,1254260330.0,제주
,,,교육비특별회계전입금,1254260330.0,제주
,,기금회계전입금수입,기금회계전입금수입,0.0,제주
,,,기금회계전입금,0.0,제주
,기타이전수입,기타이전수입,기타이전수입,0.0,제주
,,학교회계간이전수입,학교회계간이전수입,0.0,제주
,,,학교발전기금전입금,0.0,제주
,,,다른학교회계전입금,0.0,제주
,,,기타학교회계전입금,0.0,제주
,,기타공공이전수입,기타공공이전수입,0.0,제주
,,,기타공공지원금,0.0,제주
자체수입,자체수입,자체수입,자체수입,50510180.0,제주
,학부모부담수입,학부모부담수입,학부모부담수입,44922600.0,제주
,,등록금,등록금,0.0,제주
,,,학교운영지원비,0.0,제주
,,수익자부담수입,수익자부담수입,44922600.0,제주
,,,급식비,31174380.0,제주
,,,방과후학교활동비,6252300.0,제주
,,,현장체험학습비,0.0,제주
,,,청소년단체활동비,0.0,제주
,,,졸업앨범비,0.0,제주
,,,교과서비,0.0,제주
,,,기숙사비,0.0,제주
,,,기타수익자부담수입,720000.0,제주
,,,누리과정비,0.0,제주
,,,교복구입비,0.0,제주
,,,운동부운영비,0.0,제주
,,,돌봄활동운영비,6775920.0,제주
,행정활동수입,행정활동수입,행정활동수입,5587580.0,제주
,,사용료및수수료,사용료및수수료,343200.0,제주
,,,사용료및수수료,343200.0,제주
,,자산수입,자산수입,0.0,제주
,,,자산매각대,0.0,제주
,,적립금처분수입,적립금처분수입,0.0,제주
,,,적립금처분수입,0.0,제주
,,보증금회수,보증금회수,0.0,제주
,,,보증금회수,0.0,제주
,,기타행정활동수입,기타행정활동수입,5244380.0,제주
,,,지난년도수입,0.0,제주
,,,이자수입,4478730.0,제주
,,,기타행정활동수입,765650.0,제주
기타수입,기타수입,기타수입,기타수입,6466700.0,제주
,전년도이월금,전년도이월금,전년도이월금,6466700.0,제주
,,순세계잉여금,순세계잉여금,6466700.0,제주
,,,순세계잉여금,6466700.0,제주
,,정산대상재원사용잔액,정산대상재원사용잔액,0.0,제주
,,,정산대상재원사용잔액,0.0,제주
,,이월금,이월금,0.0,제주
,,,이월사업비,0.0,제주
세입합계,세입합계,세입합계,세입합계,1311237210.0,제주
장,관,항,목,0.0,경남
이전수입,이전수입,이전수입,이전수입,8087032110.0,경남
,중앙정부이전수입,중앙정부이전수입,중앙정부이전수입,0.0,경남
,,국고보조금,국고보조금,0.0,경남
,,,국고보조금,0.0,경남
,지방자치단체이전수입,지방자치단체이전수입,지방자치단체이전수입,124662000.0,경남
,,비법정이전수입,비법정이전수입,74462000.0,경남
,,,광역지방자치단체전입금,0.0,경남
,,,기초지방자치단체전입금,74462000.0,경남
,,교육경비보조금,교육경비보조금,50200000.0,경남
,,,광역지방자치단체전입금,0.0,경남
,,,기초지방자치단체전입금,50200000.0,경남
,지방교육행정기관이전수입,지방교육행정기관이전수입,지방교육행정기관이전수입,7860385110.0,경남
,,교육비특별회계전입금수입,교육비특별회계전입금수입,7860385110.0,경남
,,,교육비특별회계전입금,7860385110.0,경남
,,기금회계전입금수입,기금회계전입금수입,0.0,경남
,,,기금회계전입금,0.0,경남
,기타이전수입,기타이전수입,기타이전수입,101985000.0,경남
,,학교회계간이전수입,학교회계간이전수입,0.0,경남
,,,학교발전기금전입금,0.0,경남
,,,다른학교회계전입금,0.0,경남
,,,기타학교회계전입금,0.0,경남
,,기타공공이전수입,기타공공이전수입,101985000.0,경남
,,,기타공공지원금,101985000.0,경남
자체수입,자체수입,자체수입,자체수입,647494280.0,경남
,학부모부담수입,학부모부담수입,학부모부담수입,599885250.0,경남
,,등록금,등록금,0.0,경남
,,,학교운영지원비,0.0,경남
,,수익자부담수입,수익자부담수입,599885250.0,경남
,,,급식비,224286540.0,경남
,,,방과후학교활동비,173240670.0,경남
,,,현장체험학습비,55189500.0,경남
,,,청소년단체활동비,0.0,경남
,,,졸업앨범비,16929800.0,경남
,,,교과서비,0.0,경남
,,,기숙사비,55587810.0,경남
,,,기타수익자부담수입,1999930.0,경남
,,,누리과정비,0.0,경남
,,,교복구입비,72651000.0,경남
,,,운동부운영비,0.0,경남
,,,돌봄활동운영비,0.0,경남
,행정활동수입,행정활동수입,행정활동수입,47609030.0,경남
,,사용료및수수료,사용료및수수료,27961870.0,경남
,,,사용료및수수료,27961870.0,경남
,,자산수입,자산수입,1017000.0,경남
,,,자산매각대,1017000.0,경남
,,적립금처분수입,적립금처분수입,0.0,경남
,,,적립금처분수입,0.0,경남
,,보증금회수,보증금회수,0.0,경남
,,,보증금회수,0.0,경남
,,기타행정활동수입,기타행정활동수입,18630160.0,경남
,,,지난년도수입,0.0,경남
,,,이자수입,15350210.0,경남
,,,기타행정활동수입,3279950.0,경남
기타수입,기타수입,기타수입,기타수입,44258140.0,경남
,전년도이월금,전년도이월금,전년도이월금,44258140.0,경남
,,순세계잉여금,순세계잉여금,40123460.0,경남
,,,순세계잉여금,40123460.0,경남
,,정산대상재원사용잔액,정산대상재원사용잔액,0.0,경남
,,,정산대상재원사용잔액,0.0,경남
,,이월금,이월금,4134680.0,경남
,,,이월사업비,4134680.0,경남
세입합계,세입합계,세입합계,세입합계,8778784530.0,경남
