SCHUL_CRSE_SC_VALUE_NM,FOND_SC_CODE,SCHUL_KND_SC_CODE,ADRCD_NM,SCHUL_CRSE_SC_VALUE,JU_ORG_NM,ATPT_OFCDC_ORG_NM,JU_ORG_CODE,PBAN_EXCP_YN,FAS_DTN_SC_CODE,PBAN_REV_EX_SC_CODE,AMT6,AMT5,AMT4,AMT3,AMT2,SCHUL_CODE,AMT1,ATPT_OFCDC_ORG_CODE,LCTN_SC_CODE,BNHH_YN,SCHUL_NM,PBAN_EXCP_RSN
중,공립,3,강원특별자치도 강릉시,3.0,강원특별자치도강릉교육지원청,강원특별자치도교육청,K100000092,N,복식부기,예산세입,10000000,2000000,0,75675000,0,S100000551,1152891000,K100000001,11,N,강릉해람중학교,
중,공립,3,강원특별자치도 강릉시,3.0,강원특별자치도강릉교육지원청,강원특별자치도교육청,K100000092,N,복식부기,예산세입,0,15520000,0,134451000,0,S100000553,1313718000,K100000001,11,N,강릉중학교,
,공립,3,강원특별자치도 강릉시,,강원특별자치도강릉교육지원청,강원특별자치도교육청,K100000092,N,복식부기,예산세입,0,500000,0,63813000,0,S100000555,1108860000,K100000001,11,N,하슬라중학교,
,공립,3,강원특별자치도 강릉시,,강원특별자치도강릉교육지원청,강원특별자치도교육청,K100000092,N,복식부기,예산세입,5000000,1450000,0,61305000,0,S100000556,878216000,K100000001,11,N,경포중학교,
중,공립,3,강원특별자치도 강릉시,3.0,강원특별자치도강릉교육지원청,강원특별자치도교육청,K100000092,N,복식부기,예산세입,0,7000000,0,135435000,0,S100000557,1021685000,K100000001,11,N,관동중학교,
,공립,3,강원특별자치도 강릉시,,강원특별자치도강릉교육지원청,강원특별자치도교육청,K100000092,N,복식부기,예산세입,0,6540000,0,45165000,0,S100000558,638963000,K100000001,11,N,동명중학교,
중,공립,3,강원특별자치도 강릉시,3.0,강원특별자치도강릉교육지원청,강원특별자치도교육청,K100000092,N,복식부기,예산세입,8000000,4212000,0,17166000,0,S100000559,244325000,K100000001,11,N,사천중학교,
,공립,3,강원특별자치도 강릉시,,강원특별자치도강릉교육지원청,강원특별자치도교육청,K100000092,N,복식부기,예산세입,5000000,1000000,0,17403000,0,S100000561,234613000,K100000001,11,N,옥계중학교,
중,공립,3,강원특별자치도 강릉시,3.0,강원특별자치도강릉교육지원청,강원특별자치도교육청,K100000092,N,복식부기,예산세입,3160000,787000,0,13966000,0,S100000562,217632000,K100000001,11,N,왕산중학교,
,공립,3,강원특별자치도 강릉시,,강원특별자치도강릉교육지원청,강원특별자치도교육청,K100000092,N,복식부기,예산세입,0,2050000,0,65218000,0,S100000563,907719000,K100000001,11,N,율곡중학교,
,공립,3,강원특별자치도 강릉시,,강원특별자치도강릉교육지원청,강원특별자치도교육청,K100000092,N,복식부기,예산세입,8000000,2000000,0,61080000,0,S100000565,695584000,K100000001,11,N,주문진중학교,
,공립,3,강원특별자치도 고성군,,강원특별자치도고성교육지원청,강원특별자치도교육청,K100000107,N,복식부기,예산세입,3000000,712000,0,14742000,0,S100000714,296287000,K100000001,11,N,거진중학교,
중,공립,3,강원특별자치도 고성군,3.0,강원특별자치도고성교육지원청,강원특별자치도교육청,K100000107,N,복식부기,예산세입,0,1000000,0,43575000,0,S100000715,465341000,K100000001,11,N,고성중학교,
,공립,3,강원특별자치도 고성군,,강원특별자치도고성교육지원청,강원특별자치도교육청,K100000107,N,복식부기,예산세입,1000000,400000,0,14877000,0,S100000716,198047000,K100000001,11,N,대진중학교,
중,공립,3,강원특별자치도 고성군,3.0,강원특별자치도고성교육지원청,강원특별자치도교육청,K100000107,N,복식부기,예산세입,3000000,1000000,0,0,0,S100000717,212805000,K100000001,11,N,동광중학교,
중,공립,3,강원특별자치도 동해시,3.0,강원특별자치도동해교육지원청,강원특별자치도교육청,K100000121,N,복식부기,예산세입,2000000,1500000,0,71535000,0,S100000770,593297000,K100000001,11,N,동해중학교,
중,공립,3,강원특별자치도 동해시,3.0,강원특별자치도동해교육지원청,강원특별자치도교육청,K100000121,N,복식부기,예산세입,0,2300000,0,51655000,0,S100000772,678165000,K100000001,11,N,하랑중학교,
중,공립,3,강원특별자치도 동해시,3.0,강원특별자치도동해교육지원청,강원특별자치도교육청,K100000121,N,복식부기,예산세입,0,4000000,0,28182000,0,S100000773,799508000,K100000001,11,N,묵호중학교,
중,공립,3,강원특별자치도 동해시,3.0,강원특별자치도동해교육지원청,강원특별자치도교육청,K100000121,N,복식부기,예산세입,0,7000000,0,53115000,0,S100000775,954897000,K100000001,11,N,예람중학교,
,공립,3,강원특별자치도 동해시,,강원특별자치도동해교육지원청,강원특별자치도교육청,K100000121,N,복식부기,예산세입,20000000,2730000,0,64358000,0,S100000776,710829000,K100000001,11,N,북평중학교,
중,공립,3,강원특별자치도 삼척시,3.0,강원특별자치도삼척교육지원청,강원특별자치도교육청,K100000137,N,복식부기,예산세입,0,0,0,6258000,0,S100000829,188518000,K100000001,11,N,가곡중학교,
중,공립,3,강원특별자치도 삼척시,3.0,강원특별자치도삼척교육지원청,강원특별자치도교육청,K100000137,N,복식부기,예산세입,0,1000000,0,13156000,0,S100000830,614813000,K100000001,11,N,근덕중학교,
중,공립,3,강원특별자치도 삼척시,3.0,강원특별자치도삼척교육지원청,강원특별자치도교육청,K100000137,N,복식부기,예산세입,5010000,1700000,0,35613000,0,S100000832,435937000,K100000001,11,N,도계중학교,
,공립,3,강원특별자치도 삼척시,,강원특별자치도삼척교육지원청,강원특별자치도교육청,K100000137,N,복식부기,예산세입,0,500000,0,9268000,0,S100000834,215676000,K100000001,11,N,미로중학교,
,공립,3,강원특별자치도 삼척시,,강원특별자치도삼척교육지원청,강원특별자치도교육청,K100000137,N,복식부기,예산세입,1000000,5550000,0,74081000,0,S100000836,894345000,K100000001,11,N,청아중학교,
,공립,3,강원특별자치도 삼척시,,강원특별자치도삼척교육지원청,강원특별자치도교육청,K100000137,N,복식부기,예산세입,7000000,1800000,0,62316000,0,S100000837,591431000,K100000001,11,N,삼척중학교,
중,공립,3,강원특별자치도 삼척시,3.0,강원특별자치도삼척교육지원청,강원특별자치도교육청,K100000137,N,복식부기,예산세입,3000000,735000,0,18894000,0,S100000839,217971000,K100000001,11,N,원덕중학교,
중,공립,3,강원특별자치도 삼척시,3.0,강원특별자치도삼척교육지원청,강원특별자치도교육청,K100000137,N,복식부기,예산세입,5000000,0,0,11711000,0,S100000840,188198000,K100000001,11,N,임원중학교,
중,공립,3,강원특별자치도 삼척시,3.0,강원특별자치도삼척교육지원청,강원특별자치도교육청,K100000137,N,복식부기,예산세입,0,110000,0,11304000,0,S100000842,188632000,K100000001,11,N,하장중학교,
,공립,3,강원특별자치도 양양군,,강원특별자치도속초양양교육지원청,강원특별자치도교육청,K100000152,N,복식부기,예산세입,0,1930000,0,13488000,0,S100000993,258461000,K100000001,11,N,강현중학교,
,공립,3,강원특별자치도 속초시,,강원특별자치도속초양양교육지원청,강원특별자치도교육청,K100000152,N,복식부기,예산세입,0,5000000,0,55326000,0,S100000994,865680000,K100000001,11,N,설온중학교,
중,공립,3,강원특별자치도 속초시,3.0,강원특별자치도속초양양교육지원청,강원특별자치도교육청,K100000152,N,복식부기,예산세입,10000000,9591000,0,33837000,0,S100000995,965499000,K100000001,11,N,설악중학교,
,공립,3,강원특별자치도 속초시,,강원특별자치도속초양양교육지원청,강원특별자치도교육청,K100000152,N,복식부기,예산세입,1000000,3830000,0,60390000,0,S100000996,856866000,K100000001,11,N,속초해랑중학교,
중,공립,3,강원특별자치도 속초시,3.0,강원특별자치도속초양양교육지원청,강원특별자치도교육청,K100000152,N,복식부기,예산세입,0,1750000,0,153345000,0,S100000997,877725000,K100000001,11,N,속초중학교,
,공립,3,강원특별자치도 양양군,,강원특별자치도속초양양교육지원청,강원특별자치도교육청,K100000152,N,복식부기,예산세입,0,0,0,32940000,0,S100000999,786943000,K100000001,11,N,양양중학교,
,공립,3,강원특별자치도 양양군,,강원특별자치도속초양양교육지원청,강원특별자치도교육청,K100000152,N,복식부기,예산세입,3000000,3590000,0,9882000,0,S100001001,217918000,K100000001,11,N,현남중학교,
,공립,3,강원특별자치도 양양군,,강원특별자치도속초양양교육지원청,강원특별자치도교육청,K100000152,N,복식부기,예산세입,0,230000,0,11035000,0,S100001002,225291000,K100000001,11,N,현북중학교,
중,공립,3,강원특별자치도 양구군,3.0,강원특별자치도양구교육지원청,강원특별자치도교육청,K100000169,N,복식부기,예산세입,1000000,1960000,0,10986000,0,S100001090,220944000,K100000001,11,N,대암중학교,
중,공립,3,강원특별자치도 양구군,3.0,강원특별자치도양구교육지원청,강원특별자치도교육청,K100000169,N,복식부기,예산세입,5000000,400000,0,14108000,0,S100001092,209030000,K100000001,11,N,방산중학교,
,공립,3,강원특별자치도 양구군,,강원특별자치도양구교육지원청,강원특별자치도교육청,K100000169,N,복식부기,예산세입,4604000,1200000,0,0,0,S100001093,476625000,K100000001,11,N,석천중학교,
중,공립,3,강원특별자치도 양구군,3.0,강원특별자치도양구교육지원청,강원특별자치도교육청,K100000169,N,복식부기,예산세입,6000000,800000,0,4760000,0,S100001094,462948000,K100000001,11,N,양구중학교,
,공립,3,강원특별자치도 양구군,,강원특별자치도양구교육지원청,강원특별자치도교육청,K100000169,N,복식부기,예산세입,3000000,700000,0,14978000,0,S100001095,233593000,K100000001,11,N,용하중학교,
중,공립,3,강원특별자치도 양구군,3.0,강원특별자치도양구교육지원청,강원특별자치도교육청,K100000169,N,복식부기,예산세입,3000000,1150000,0,10871000,0,S100001096,196805000,K100000001,11,N,해안중학교,
중,공립,3,강원특별자치도 영월군,3.0,강원특별자치도영월교육지원청,강원특별자치도교육청,K100000184,N,복식부기,예산세입,10368000,550000,0,17510000,0,S100001142,209226000,K100000001,11,N,녹전중학교,
,공립,3,강원특별자치도 영월군,,강원특별자치도영월교육지원청,강원특별자치도교육청,K100000184,N,복식부기,예산세입,2000000,900000,0,15002000,0,S100001143,197079000,K100000001,11,N,마차중학교,
,공립,3,강원특별자치도 영월군,,강원특별자치도영월교육지원청,강원특별자치도교육청,K100000184,N,복식부기,예산세입,2000000,1736000,0,20352000,0,S100001144,253456000,K100000001,11,N,봉래중학교,
중,공립,3,강원특별자치도 영월군,3.0,강원특별자치도영월교육지원청,강원특별자치도교육청,K100000184,N,복식부기,예산세입,3000000,0,0,0,0,S100001145,178722000,K100000001,11,N,상동중학교,
,공립,3,강원특별자치도 영월군,,강원특별자치도영월교육지원청,강원특별자치도교육청,K100000184,N,복식부기,예산세입,0,400000,0,13374000,0,S100001148,214553000,K100000001,11,N,쌍룡중학교,
중,공립,3,강원특별자치도 영월군,3.0,강원특별자치도영월교육지원청,강원특별자치도교육청,K100000184,N,복식부기,예산세입,0,520000,0,10248000,0,S100001149,214620000,K100000001,11,N,연당중학교,
,공립,3,강원특별자치도 영월군,,강원특별자치도영월교육지원청,강원특별자치도교육청,K100000184,N,복식부기,예산세입,3000000,2000000,0,63166000,0,S100001150,494583000,K100000001,11,N,영월중학교,
중,공립,3,강원특별자치도 영월군,3.0,강원특별자치도영월교육지원청,강원특별자치도교육청,K100000184,N,복식부기,예산세입,0,400000,0,11938000,0,S100001151,215370000,K100000001,11,N,옥동중학교,
중,공립,3,강원특별자치도 영월군,3.0,강원특별자치도영월교육지원청,강원특별자치도교육청,K100000184,N,복식부기,예산세입,0,1500000,0,17157000,0,S100001152,259878000,K100000001,11,N,주천중학교,
중,공립,3,강원특별자치도 원주시,3.0,강원특별자치도원주교육지원청,강원특별자치도교육청,K100000198,N,복식부기,예산세입,3000000,3000000,0,33000000,0,S100001298,919752000,K100000001,11,N,남원주중학교,
중,공립,3,강원특별자치도 원주시,3.0,강원특별자치도원주교육지원청,강원특별자치도교육청,K100000198,N,복식부기,예산세입,8000000,2900000,0,32436000,0,S100001300,540010000,K100000001,11,N,문막중학교,
,공립,3,강원특별자치도 원주시,,강원특별자치도원주교육지원청,강원특별자치도교육청,K100000198,N,복식부기,예산세입,0,330000,0,970000,0,S100001301,184256000,K100000001,11,N,부론중학교,
중,공립,3,강원특별자치도 원주시,3.0,강원특별자치도원주교육지원청,강원특별자치도교육청,K100000198,N,복식부기,예산세입,0,0,0,35000000,0,S100001302,587421000,K100000001,11,N,북원중학교,
,공립,3,강원특별자치도 원주시,,강원특별자치도원주교육지원청,강원특별자치도교육청,K100000198,N,복식부기,예산세입,3000000,420000,0,15220000,0,S100001306,206337000,K100000001,11,N,신림중학교,
,공립,3,강원특별자치도 원주시,,강원특별자치도원주교육지원청,강원특별자치도교육청,K100000198,N,복식부기,예산세입,0,9200000,0,45972000,0,S100001309,835024000,K100000001,11,N,원주여자중학교,
중,공립,3,강원특별자치도 원주시,3.0,강원특별자치도원주교육지원청,강원특별자치도교육청,K100000198,N,복식부기,예산세입,0,7000000,0,109222000,0,S100001311,890128000,K100000001,11,N,원주중학교,
중,공립,3,강원특별자치도 원주시,3.0,강원특별자치도원주교육지원청,강원특별자치도교육청,K100000198,N,복식부기,예산세입,3480000,1000000,0,14019000,0,S100001314,204981000,K100000001,11,N,지정중학교,
,공립,3,강원특별자치도 원주시,,강원특별자치도원주교육지원청,강원특별자치도교육청,K100000198,N,복식부기,예산세입,0,2500000,0,38707000,0,S100001316,535765000,K100000001,11,N,치악중학교,
중,공립,3,강원특별자치도 원주시,3.0,강원특별자치도원주교육지원청,강원특별자치도교육청,K100000198,N,복식부기,예산세입,10000000,5500000,0,30012000,0,S100001317,759178000,K100000001,11,N,평원중학교,
중,공립,3,강원특별자치도 원주시,3.0,강원특별자치도원주교육지원청,강원특별자치도교육청,K100000198,N,복식부기,예산세입,8000000,0,0,0,0,S100001318,468196000,K100000001,11,N,학성중학교,
중,공립,3,강원특별자치도 원주시,3.0,강원특별자치도원주교육지원청,강원특별자치도교육청,K100000198,N,복식부기,예산세입,0,330000,0,11804000,0,S100001319,200675000,K100000001,11,N,호저중학교,
중,공립,3,강원특별자치도 원주시,3.0,강원특별자치도원주교육지원청,강원특별자치도교육청,K100000198,N,복식부기,예산세입,5000000,100000,0,13464000,0,S100001320,198729000,K100000001,11,N,황둔중학교,
중,공립,3,강원특별자치도 인제군,3.0,강원특별자치도인제교육지원청,강원특별자치도교육청,K100000213,N,복식부기,예산세입,0,0,0,18216000,0,S100001460,317298000,K100000001,11,N,기린중학교,
중,공립,3,강원특별자치도 인제군,3.0,강원특별자치도인제교육지원청,강원특별자치도교육청,K100000213,N,복식부기,예산세입,4000000,896000,0,9572000,0,S100001461,198136000,K100000001,11,N,상남중학교,
중,공립,3,강원특별자치도 인제군,3.0,강원특별자치도인제교육지원청,강원특별자치도교육청,K100000213,N,복식부기,예산세입,5000000,2960000,0,6314000,0,S100001462,235358000,K100000001,11,N,서화중학교,
중,공립,3,강원특별자치도 인제군,3.0,강원특별자치도인제교육지원청,강원특별자치도교육청,K100000213,N,복식부기,예산세입,3000000,700000,0,15867000,0,S100001463,270352000,K100000001,11,N,신남중학교,
중,공립,3,강원특별자치도 인제군,3.0,강원특별자치도인제교육지원청,강원특별자치도교육청,K100000213,N,복식부기,예산세입,0,2500000,0,5600000,0,S100001464,472656000,K100000001,11,N,원통중학교,
중,공립,3,강원특별자치도 인제군,3.0,강원특별자치도인제교육지원청,강원특별자치도교육청,K100000213,N,복식부기,예산세입,6000000,4540000,0,34975000,0,S100001465,551515000,K100000001,11,N,인제중학교,
,공립,3,강원특별자치도 정선군,,강원특별자치도정선교육지원청,강원특별자치도교육청,K100000228,N,복식부기,예산세입,2000000,400000,0,23389000,0,S100001569,256754000,K100000001,11,N,고한중학교,
,공립,3,강원특별자치도 정선군,,강원특별자치도정선교육지원청,강원특별자치도교육청,K100000228,N,복식부기,예산세입,2500000,340000,0,12628000,0,S100001570,252984000,K100000001,11,N,나전중학교,
,공립,3,강원특별자치도 정선군,,강원특별자치도정선교육지원청,강원특별자치도교육청,K100000228,N,복식부기,예산세입,0,0,0,18941000,0,S100001573,364818000,K100000001,11,N,사북중학교,
,공립,3,강원특별자치도 정선군,,강원특별자치도정선교육지원청,강원특별자치도교육청,K100000228,N,복식부기,예산세입,3000000,600000,0,13891000,0,S100001574,200486000,K100000001,11,N,여량중학교,
,공립,3,강원특별자치도 정선군,,강원특별자치도정선교육지원청,강원특별자치도교육청,K100000228,N,복식부기,예산세입,3000000,1360000,0,13452000,0,S100001575,222538000,K100000001,11,N,임계중학교,
중,공립,3,강원특별자치도 정선군,3.0,강원특별자치도정선교육지원청,강원특별자치도교육청,K100000228,N,복식부기,예산세입,9000000,5000000,0,31891000,0,S100001577,629147000,K100000001,11,N,정선중학교,
중,공립,3,강원특별자치도 정선군,3.0,강원특별자치도정선교육지원청,강원특별자치도교육청,K100000228,N,복식부기,예산세입,1000000,0,0,20125000,0,S100001580,253639000,K100000001,11,N,함백중학교,
,공립,3,강원특별자치도 정선군,,강원특별자치도정선교육지원청,강원특별자치도교육청,K100000228,N,복식부기,예산세입,2000000,0,0,7032000,0,S100001581,226773000,K100000001,11,N,화동중학교,
중,공립,3,강원특별자치도 철원군,3.0,강원특별자치도철원교육지원청,강원특별자치도교육청,K100000243,N,복식부기,예산세입,0,2150000,0,4608000,0,S100001735,325352000,K100000001,11,N,김화여자중학교,
,공립,3,강원특별자치도 철원군,,강원특별자치도철원교육지원청,강원특별자치도교육청,K100000243,N,복식부기,예산세입,0,1100000,0,8100000,0,S100001736,352923000,K100000001,11,N,김화중학교,
,공립,3,강원특별자치도 철원군,,강원특별자치도철원교육지원청,강원특별자치도교육청,K100000243,N,복식부기,예산세입,0,1500000,0,43328000,0,S100001737,516935000,K100000001,11,N,신철원중학교,
중,공립,3,강원특별자치도 철원군,3.0,강원특별자치도철원교육지원청,강원특별자치도교육청,K100000243,N,복식부기,예산세입,4000000,2000000,0,51376000,0,S100001738,587742000,K100000001,11,N,철원여자중학교,
,공립,3,강원특별자치도 철원군,,강원특별자치도철원교육지원청,강원특별자치도교육청,K100000243,N,복식부기,예산세입,0,15030000,0,51600000,2100000,S100001739,619856000,K100000001,11,N,철원중학교,
,공립,3,강원특별자치도 춘천시,,강원특별자치도춘천교육지원청,강원특별자치도교육청,K100000257,N,복식부기,예산세입,3000000,1600000,0,13082000,0,S100001797,251485000,K100000001,11,N,강서중학교,
,공립,3,강원특별자치도 춘천시,,강원특별자치도춘천교육지원청,강원특별자치도교육청,K100000257,N,복식부기,예산세입,0,540000,0,12884000,0,S100001799,206647000,K100000001,11,N,광판중학교,
,공립,3,강원특별자치도 춘천시,,강원특별자치도춘천교육지원청,강원특별자치도교육청,K100000257,N,복식부기,예산세입,20000000,11000000,0,49657000,0,S100001800,930482000,K100000001,11,N,남춘천여자중학교,
중,공립,3,강원특별자치도 춘천시,3.0,강원특별자치도춘천교육지원청,강원특별자치도교육청,K100000257,N,복식부기,예산세입,3750000,30305000,0,139438000,0,S100001801,1414289000,K100000001,11,N,남춘천중학교,
,공립,3,강원특별자치도 춘천시,,강원특별자치도춘천교육지원청,강원특별자치도교육청,K100000257,N,복식부기,예산세입,0,200000,0,9699000,0,S100001802,178073000,K100000001,11,N,동산중학교,
중,공립,3,강원특별자치도 춘천시,3.0,강원특별자치도춘천교육지원청,강원특별자치도교육청,K100000257,N,복식부기,예산세입,3000000,4792000,0,75472000,0,S100001804,836177000,K100000001,11,N,봉의중학교,
,공립,3,강원특별자치도 춘천시,,강원특별자치도춘천교육지원청,강원특별자치도교육청,K100000257,N,복식부기,예산세입,5000000,15400000,0,89672000,0,S100001807,816114000,K100000001,11,N,소양중학교,
,공립,3,강원특별자치도 춘천시,,강원특별자치도춘천교육지원청,강원특별자치도교육청,K100000257,N,복식부기,예산세입,5500000,320000,0,15739000,0,S100001808,212497000,K100000001,11,N,신포중학교,
중,공립,3,강원특별자치도 춘천시,3.0,강원특별자치도춘천교육지원청,강원특별자치도교육청,K100000257,N,복식부기,예산세입,7000000,2000000,0,122462000,0,S100001809,1116450000,K100000001,11,N,우석중학교,
중,공립,3,강원특별자치도 춘천시,3.0,강원특별자치도춘천교육지원청,강원특별자치도교육청,K100000257,N,복식부기,예산세입,0,900000,0,18008000,0,S100001812,253165000,K100000001,11,N,창촌중학교,
,공립,3,강원특별자치도 춘천시,,강원특별자치도춘천교육지원청,강원특별자치도교육청,K100000257,N,복식부기,예산세입,5000000,1400000,0,27603000,0,S100001814,394673000,K100000001,11,N,춘성중학교,
,공립,3,강원특별자치도 춘천시,,강원특별자치도춘천교육지원청,강원특별자치도교육청,K100000257,N,복식부기,예산세입,0,3540000,0,65250000,0,S100001815,850503000,K100000001,11,N,봄내중학교,
,공립,3,강원특별자치도 춘천시,,강원특별자치도춘천교육지원청,강원특별자치도교육청,K100000257,N,복식부기,예산세입,0,31600000,0,39757000,0,S100001816,1115395000,K100000001,11,N,춘천중학교,
중,공립,3,강원특별자치도 춘천시,3.0,강원특별자치도춘천교육지원청,강원특별자치도교육청,K100000257,N,복식부기,예산세입,0,3500000,0,87859000,0,S100001817,1030646000,K100000001,11,N,후평중학교,
중,공립,3,강원특별자치도 태백시,3.0,강원특별자치도태백교육지원청,강원특별자치도교육청,K100000276,N,복식부기,예산세입,0,2175000,0,59972000,0,S100001962,537679000,K100000001,11,N,상장중학교,
,공립,3,강원특별자치도 태백시,,강원특별자치도태백교육지원청,강원특별자치도교육청,K100000276,N,복식부기,예산세입,1219000,500000,0,21079000,0,S100001964,199243000,K100000001,11,N,철암중학교,
중,공립,3,강원특별자치도 태백시,3.0,강원특별자치도태백교육지원청,강원특별자치도교육청,K100000276,N,복식부기,예산세입,0,1870000,0,19948000,0,S100001965,316987000,K100000001,11,N,태백중학교,
중,공립,3,강원특별자치도 태백시,3.0,강원특별자치도태백교육지원청,강원특별자치도교육청,K100000276,N,복식부기,예산세입,0,3800000,0,74258000,0,S100001966,522939000,K100000001,11,N,함태중학교,
중,공립,3,강원특별자치도 태백시,3.0,강원특별자치도태백교육지원청,강원특별자치도교육청,K100000276,N,복식부기,예산세입,0,7000000,0,38345000,0,S100001967,569013000,K100000001,11,N,세연중학교,
,공립,3,강원특별자치도 태백시,,강원특별자치도태백교육지원청,강원특별자치도교육청,K100000276,N,복식부기,예산세입,0,0,0,119696000,0,S100001968,561677000,K100000001,11,N,황지중학교,
,공립,3,강원특별자치도 평창군,,강원특별자치도평창교육지원청,강원특별자치도교육청,K100000291,N,복식부기,예산세입,0,1050000,0,11036000,0,S100002026,201358000,K100000001,11,N,계촌중학교,
,공립,3,강원특별자치도 평창군,,강원특별자치도평창교육지원청,강원특별자치도교육청,K100000291,N,복식부기,예산세입,0,1000000,0,28954000,0,S100002027,242150000,K100000001,11,N,대화중학교,
,공립,3,강원특별자치도 평창군,,강원특별자치도평창교육지원청,강원특별자치도교육청,K100000291,N,복식부기,예산세입,5000000,3800000,0,29067000,0,S100002028,243086000,K100000001,11,N,대관령중학교,
중,공립,3,강원특별자치도 평창군,3.0,강원특별자치도평창교육지원청,강원특별자치도교육청,K100000291,N,복식부기,예산세입,500000,900000,0,7445000,0,S100002029,177537000,K100000001,11,N,미탄중학교,
,공립,3,강원특별자치도 평창군,,강원특별자치도평창교육지원청,강원특별자치도교육청,K100000291,N,복식부기,예산세입,0,3500000,0,0,0,S100002030,253904000,K100000001,11,N,봉평중학교,
,공립,3,강원특별자치도 평창군,,강원특별자치도평창교육지원청,강원특별자치도교육청,K100000291,N,복식부기,예산세입,3000000,1800000,0,18614000,0,S100002031,218341000,K100000001,11,N,용전중학교,
,공립,3,강원특별자치도 평창군,,강원특별자치도평창교육지원청,강원특별자치도교육청,K100000291,N,복식부기,예산세입,5000000,3100000,0,39144000,94934000,S100002032,316778000,K100000001,11,N,진부중학교,
중,공립,3,강원특별자치도 평창군,3.0,강원특별자치도평창교육지원청,강원특별자치도교육청,K100000291,N,복식부기,예산세입,0,3200000,0,41797000,0,S100002034,369316000,K100000001,11,N,평창중학교,
,공립,3,강원특별자치도 홍천군,,강원특별자치도홍천교육지원청,강원특별자치도교육청,K100000306,N,복식부기,예산세입,0,70000,0,16320000,0,S100002147,223351000,K100000001,11,N,내면중학교,
,공립,3,강원특별자치도 홍천군,,강원특별자치도홍천교육지원청,강원특별자치도교육청,K100000306,N,복식부기,예산세입,0,1630000,0,9283000,0,S100002148,207810000,K100000001,11,N,내촌중학교,
,공립,3,강원특별자치도 홍천군,,강원특별자치도홍천교육지원청,강원특별자치도교육청,K100000306,N,복식부기,예산세입,1000000,100000,0,14676000,0,S100002149,258783000,K100000001,11,N,동화중학교,
중,공립,3,강원특별자치도 홍천군,3.0,강원특별자치도홍천교육지원청,강원특별자치도교육청,K100000306,N,복식부기,예산세입,2000000,820000,0,9344000,0,S100002150,227852000,K100000001,11,N,두촌중학교,
,공립,3,강원특별자치도 홍천군,,강원특별자치도홍천교육지원청,강원특별자치도교육청,K100000306,N,복식부기,예산세입,0,630000,0,17067000,0,S100002151,225256000,K100000001,11,N,서석중학교,
,공립,3,강원특별자치도 홍천군,,강원특별자치도홍천교육지원청,강원특별자치도교육청,K100000306,N,복식부기,예산세입,0,800000,0,43684000,0,S100002152,302914000,K100000001,11,N,양덕중학교,
중,공립,3,강원특별자치도 홍천군,3.0,강원특별자치도홍천교육지원청,강원특별자치도교육청,K100000306,N,복식부기,예산세입,2000000,400000,0,13323000,0,S100002154,195620000,K100000001,11,N,한서중학교,
,공립,3,강원특별자치도 홍천군,,강원특별자치도홍천교육지원청,강원특별자치도교육청,K100000306,N,복식부기,예산세입,8000000,6600000,0,66425000,0,S100002155,906404000,K100000001,11,N,홍천여자중학교,
중,공립,3,강원특별자치도 홍천군,3.0,강원특별자치도홍천교육지원청,강원특별자치도교육청,K100000306,N,복식부기,예산세입,5000000,1800000,0,113552000,300000,S100002156,968972000,K100000001,11,N,홍천중학교,
,공립,3,강원특별자치도 홍천군,,강원특별자치도홍천교육지원청,강원특별자치도교육청,K100000306,N,복식부기,예산세입,3700000,530000,0,12486000,0,S100002157,243656000,K100000001,11,N,화촌중학교,
중,공립,3,강원특별자치도 화천군,3.0,강원특별자치도화천교육지원청,강원특별자치도교육청,K100000321,N,복식부기,예산세입,3400000,510000,0,14786000,0,S100002325,204206000,K100000001,11,N,간동중학교,
중,공립,3,강원특별자치도 화천군,3.0,강원특별자치도화천교육지원청,강원특별자치도교육청,K100000321,N,복식부기,예산세입,0,500000,0,9800000,0,S100002326,370362000,K100000001,11,N,사내중학교,
중,공립,3,강원특별자치도 화천군,3.0,강원특별자치도화천교육지원청,강원특별자치도교육청,K100000321,N,복식부기,예산세입,1000000,420000,0,0,0,S100002327,221886000,K100000001,11,N,상서중학교,
중,공립,3,강원특별자치도 화천군,3.0,강원특별자치도화천교육지원청,강원특별자치도교육청,K100000321,N,복식부기,예산세입,8000000,2300000,0,0,0,S100002329,611450000,K100000001,11,N,화천중학교,
,공립,3,강원특별자치도 횡성군,,강원특별자치도횡성교육지원청,강원특별자치도교육청,K100000336,N,복식부기,예산세입,1500000,500000,0,15790000,0,S100002399,183594000,K100000001,11,N,갑천중학교,
중,공립,3,강원특별자치도 횡성군,3.0,강원특별자치도횡성교육지원청,강원특별자치도교육청,K100000336,N,복식부기,예산세입,1000000,200000,0,17582000,0,S100002400,212123000,K100000001,11,N,강림중학교,
,공립,3,강원특별자치도 횡성군,,강원특별자치도횡성교육지원청,강원특별자치도교육청,K100000336,N,복식부기,예산세입,6000000,2400000,0,26970000,0,S100002401,273246000,K100000001,11,N,공근중학교,
,공립,3,강원특별자치도 횡성군,,강원특별자치도횡성교육지원청,강원특별자치도교육청,K100000336,N,복식부기,예산세입,4000000,1000000,0,45156000,0,S100002403,220408000,K100000001,11,N,둔내중학교,
,공립,3,강원특별자치도 횡성군,,강원특별자치도횡성교육지원청,강원특별자치도교육청,K100000336,N,복식부기,예산세입,0,2000000,0,14372000,0,S100002404,193245000,K100000001,11,N,서원중학교,
,공립,3,강원특별자치도 횡성군,,강원특별자치도횡성교육지원청,강원특별자치도교육청,K100000336,N,복식부기,예산세입,0,600000,0,16772000,0,S100002405,229568000,K100000001,11,N,안흥중학교,
,공립,3,강원특별자치도 횡성군,,강원특별자치도횡성교육지원청,강원특별자치도교육청,K100000336,N,복식부기,예산세입,100000,400000,0,19618000,0,S100002406,277784000,K100000001,11,N,우천중학교,
중,공립,3,강원특별자치도 횡성군,3.0,강원특별자치도횡성교육지원청,강원특별자치도교육청,K100000336,N,복식부기,예산세입,2500000,400000,0,11036000,0,S100002407,217751000,K100000001,11,N,청일중학교,
,공립,3,강원특별자치도 횡성군,,강원특별자치도횡성교육지원청,강원특별자치도교육청,K100000336,N,복식부기,예산세입,3000000,4500000,0,0,0,S100002408,622383000,K100000001,11,N,횡성중학교,
,공립,3,강원특별자치도 원주시,,강원특별자치도원주교육지원청,강원특별자치도교육청,K100000198,N,복식부기,예산세입,10000000,5130000,0,33682000,0,S100003712,802266000,K100000001,11,N,단구중학교,
,공립,3,강원특별자치도 춘천시,,강원특별자치도춘천교육지원청,강원특별자치도교육청,K100000257,N,복식부기,예산세입,5000000,1500000,0,36795000,0,S100003726,850973000,K100000001,11,N,강원체육중학교,
,공립,3,강원특별자치도 춘천시,,강원특별자치도춘천교육지원청,강원특별자치도교육청,K100000257,N,복식부기,예산세입,10000000,8300000,0,161251000,0,S100003737,1323405000,K100000001,11,N,대룡중학교,
,공립,3,강원특별자치도 강릉시,,강원특별자치도강릉교육지원청,강원특별자치도교육청,K100000092,N,복식부기,예산세입,0,2600000,0,60348000,0,S100003738,794306000,K100000001,11,N,솔올중학교,
중,공립,3,강원특별자치도 원주시,3.0,강원특별자치도원주교육지원청,강원특별자치도교육청,K100000198,N,복식부기,예산세입,0,4800000,0,48770000,0,S100003740,880510000,K100000001,11,N,반곡중학교,
중,공립,3,강원특별자치도 원주시,3.0,강원특별자치도원주교육지원청,강원특별자치도교육청,K100000198,N,복식부기,예산세입,5000000,2438000,0,48862000,0,S100003742,468155000,K100000001,11,N,태장중학교,
,공립,3,강원특별자치도 원주시,,강원특별자치도원주교육지원청,강원특별자치도교육청,K100000198,N,복식부기,예산세입,0,1000000,0,102807000,0,S100003909,663676000,K100000001,11,N,버들중학교,
중,공립,3,강원특별자치도 춘천시,3.0,강원특별자치도춘천교육지원청,강원특별자치도교육청,K100000257,N,복식부기,예산세입,3000000,3409000,0,40687000,0,S100003956,774047000,K100000001,11,N,가정중학교,
중,공립,3,강원특별자치도 원주시,3.0,강원특별자치도원주교육지원청,강원특별자치도교육청,K100000198,N,복식부기,예산세입,0,5000000,0,66761000,0,S100004000,928303000,K100000001,11,N,섬강중학교,
중,공립,3,강원특별자치도 춘천시,3.0,강원특별자치도춘천교육지원청,강원특별자치도교육청,K100000257,N,복식부기,예산세입,3000000,1600000,0,21137000,0,S100004017,605769000,K100000001,11,N,퇴계중학교,
